Tenant ID,Program Name,Total,2025-11-04,2025-11-05,2025-11-06,2025-11-07,2025-11-08,2025-11-09,2025-11-10,2025-11-11,2025-11-12,2025-11-13,2025-11-14,2025-11-15,2025-11-16,2025-11-17,2025-11-18,2025-11-19,2025-11-20,2025-11-21,2025-11-22,2025-11-23,2025-11-24,2025-11-25,2025-11-26,2025-11-27,2025-11-28,2025-11-29,2025-11-30,2025-12-01,2025-12-02,2025-12-03,2025-12-04
cm-p7718-e16302,InsideAdobeNext,228049,93,215,204,155,21,72,3821,9879,12545,12520,12109,2429,2409,14676,14873,13174,12894,12058,2756,2049,12454,12357,9997,5988,4848,1787,2172,14281,14838,12931,7444
cm-p130360-e1272151,Crosswalk,79386,2,0,0,0,0,0,16,579,62,0,236,2,8,696,1972,11075,12712,18131,1641,504,15092,6178,1437,485,707,0,0,6030,730,515,576
cm-p155458-e1664685,MSC EDS,4405,0,0,0,0,0,0,0,0,0,20,4,0,0,0,1,15,0,165,3,0,1097,497,0,2,0,0,0,10,387,1154,1050
cm-p163523-e1788054,ASO Sandbox Trial,1141,0,0,0,1,0,1,8,0,5,6,107,5,12,16,15,0,124,111,31,5,32,1,52,42,57,0,0,154,94,151,111
cm-p7718-e16261,InsideAdobeNext,1003,0,3,0,0,0,0,6,115,17,29,25,0,6,96,25,111,188,54,16,10,22,141,16,4,10,0,4,8,55,35,7
cm-p171453-e1846108,WYNDHAM HOTEL GROUP LLC BC Pilot,646,0,0,0,0,0,0,0,0,0,0,0,0,1,29,43,41,19,56,0,0,35,24,96,22,0,0,0,0,59,17,204
cm-p162709-e1741368,Unknown Program,518,0,0,1,0,0,0,0,0,58,0,72,0,0,97,0,0,95,25,0,0,0,0,0,0,0,0,0,38,42,90,0
cm-p155458-e1664796,MSC EDS,488,0,0,0,0,0,0,0,1,0,4,0,0,0,5,470,7,0,0,0,0,1,0,0,0,0,0,0,0,0,0,0
cm-p31359-e1338271,Unknown Program,87,0,0,0,0,0,0,0,0,0,0,0,0,0,0,0,0,3,0,0,0,37,46,0,1,0,0,0,0,0,0,0
cm-p47754-e1700224,Unknown Program,82,0,0,0,0,0,0,0,16,0,0,27,23,0,14,2,0,0,0,0,0,0,0,0,0,0,0,0,0,0,0,0
cm-p114704-e1171262,Unknown Program,82,0,0,0,0,0,0,0,0,0,0,12,0,0,30,36,0,0,0,0,0,4,0,0,0,0,0,0,0,0,0,0
cm-p7718-e22224,InsideAdobeNext,46,0,0,0,0,0,1,8,9,13,0,4,0,0,4,0,5,0,0,0,0,0,1,0,0,0,0,0,0,0,1,0
cm-p115966-e1137377,Unknown Program,17,0,0,0,0,0,0,0,0,0,0,0,0,0,0,0,0,0,0,0,0,0,0,0,0,0,0,0,0,5,12,0
cm-p158407-e1689364,Content AI Service Program,11,0,0,0,0,0,0,0,0,1,0,4,0,0,0,0,0,1,0,0,0,0,0,0,0,0,0,0,0,0,1,4
cm-p158407-e1710855,Content AI Service Program,11,0,0,0,0,0,0,0,0,7,1,0,0,0,0,0,2,0,0,0,0,0,0,0,0,0,0,0,0,0,0,1
cm-p52402-e1704223,Unknown Program,10,0,0,0,0,0,0,0,0,4,0,2,0,0,4,0,0,0,0,0,0,0,0,0,0,0,0,0,0,0,0,0
cm-p161503-e1722530,Unknown Program,10,0,0,0,0,0,0,0,0,0,0,0,0,0,0,0,0,0,0,0,0,0,0,10,0,0,0,0,0,0,0,0
cm-p165854-e1765445,Unknown Program,6,0,0,0,0,0,0,0,0,0,0,0,0,0,0,0,0,0,0,0,0,0,0,0,6,0,0,0,0,0,0,0
cm-p158407-e1696476,Content AI Service Program,3,0,0,0,0,0,0,0,0,2,0,0,0,0,0,0,0,0,1,0,0,0,0,0,0,0,0,0,0,0,0,0
cm-p114704-e1122666,Unknown Program,3,0,0,0,0,0,0,0,0,0,0,0,0,0,0,0,0,0,0,0,0,0,0,0,3,0,0,0,0,0,0,0
cm-p47754-e237307,Unknown Program,1,0,0,0,0,0,0,1,0,0,0,0,0,0,0,0,0,0,0,0,0,0,0,0,0,0,0,0,0,0,0,0
cm-p130360-e1272244,Crosswalk,1,0,0,0,0,0,0,0,0,0,0,0,0,0,0,1,0,0,0,0,0,0,0,0,0,0,0,0,0,0,0,0
TOTAL,All Programs,316006,95,218,205,156,21,74,3860,10599,12714,12580,12602,2459,2436,15667,17438,24430,26036,30601,4447,2568,28774,19245,11608,6553,5622,1787,2176,20521,16210,14907,9397
